{
  "quantiles": {
    "0%": 1.46,
    "10%": 7.566666666666666,
    "25%": 11.733333333333333,
    "50%": 18.233333333333334,
    "75%": 31.566666666666666,
    "90%": 51.93333333333333,
    "100%": 223.36666666666667
  },
  "mean": 24.875768814803788,
  "std": 20.259764139767075,
  "count": 100785
}