{
  "quantiles": {
    "0%": 59.0,
    "10%": 236.0,
    "25%": 362.0,
    "50%": 557.0,
    "75%": 952.0,
    "90%": 1561.0,
    "100%": 6701.0
  },
  "mean": 753.5095103438011,
  "std": 605.464715623219,
  "count": 100785
}