{
  "quantiles": {
    "0%": 0.03333333333333333,
    "10%": 1.0,
    "25%": 1.7666666666666666,
    "50%": 3.3,
    "75%": 5.591666666666667,
    "90%": 9.696666666666669,
    "100%": 62.46666666666667
  },
  "mean": 4.710148389431778,
  "std": 5.035643195344251,
  "count": 1842
}