{
  "quantiles": {
    "0%": 1.0,
    "10%": 30.0,
    "25%": 54.0,
    "50%": 102.0,
    "75%": 169.0,
    "90%": 293.0,
    "100%": 1874.0
  },
  "mean": 143.31813246471228,
  "std": 153.7205425368231,
  "count": 1842
}